Date,Open,High,Low,Close,Adj Close,Volume,Ratio
2018-04-12,20.000000,21.850000,19.120001,20.0,20.000000,13102400,-/-
2018-04-13,19.799999,20.820000,19.600000,20.6,20.600000,1864700,-/-
2018-04-16,20.879999,20.879999,19.900000,20.6,20.600000,907900,1.0
2018-04-17,20.549999,20.660000,19.000000,19.549999,19.549999,1152500,-/-
2018-04-18,19.610001,20.420000,19.073999,19.559999,19.559999,885800,-/-
2018-04-19,19.570000,19.719999,19.211000,19.65,19.650000,463400,0.95388
2018-04-20,19.549999,19.730000,19.450001,19.719999,19.719999,300100,1.0087
2018-04-23,19.830000,20.100000,19.618000,20.0,20.000000,341700,1.0142
2018-04-24,20.120001,20.120001,19.410000,19.700001,19.700001,308500,-/-
2018-04-25,19.719999,19.730000,19.400000,19.610001,19.610001,272800,-/-
2018-04-26,19.680000,20.280001,19.601999,20.280001,20.280001,218800,1.014
2018-04-27,19.870001,20.219999,19.549999,19.610001,19.610001,573900,0.99543
2018-04-30,19.549999,19.879999,19.200001,19.26,19.260000,211800,0.98215
2018-05-01,19.370001,19.891001,19.280001,19.67,19.670000,149700,-/-
2018-05-02,19.920000,20.190001,19.500000,19.59,19.590000,220000,-/-
2018-05-03,19.590000,20.020000,19.200001,19.66,19.660000,283000,1.02077
2018-05-04,19.870001,19.980000,19.379000,19.549999,19.549999,145600,0.9939
2018-05-07,19.389999,19.469999,18.750000,19.25,19.250000,417100,0.98465
2018-05-08,19.280001,19.660000,19.110001,19.51,19.510000,167900,-/-
2018-05-09,19.480000,19.900000,19.330000,19.790001,19.790001,123400,-/-
2018-05-10,19.799999,20.180000,19.420000,20.040001,20.040001,169500,1.04104
2018-05-11,20.080000,20.350000,19.510000,20.16,20.160000,264400,1.03332
2018-05-14,20.299999,20.350000,19.750000,19.889999,19.889999,160000,0.98661
2018-05-15,19.809999,19.844999,19.170000,19.219999,19.219999,193000,-/-
2018-05-16,19.230000,19.709999,19.200001,19.360001,19.360001,108000,-/-
2018-05-17,19.299999,19.750000,19.299999,19.690001,19.690001,68500,0.98994
2018-05-18,19.660000,20.020000,19.650000,19.67,19.670000,99100,1.02341
2018-05-21,19.639999,19.739000,19.329000,19.629999,19.629999,153800,0.99797
2018-05-22,19.660000,19.770000,19.660000,19.73,19.730000,131200,-/-
2018-05-23,19.600000,20.299000,19.580000,20.01,20.010000,301700,-/-
2018-05-24,20.000000,21.240000,19.650000,21.01,21.010000,309000,1.0703
2018-05-25,20.969999,22.188999,20.969999,21.4,21.400000,410000,1.08464
2018-05-29,21.400000,21.510000,20.000000,20.67,20.670000,329600,-/-
2018-05-30,20.900000,22.010000,20.670000,21.940001,21.940001,316300,-/-
2018-05-31,21.840000,22.959999,21.670000,22.18,22.180000,429800,-/-
2018-06-01,23.120001,27.500000,22.219999,26.4,26.400000,2136900,1.27721
2018-06-04,29.160000,29.879999,27.299999,28.02,28.020000,1969200,1.06136
2018-06-05,28.709999,29.930000,28.170000,28.540001,28.540001,1187800,-/-
2018-06-06,28.900000,31.000000,28.680000,30.200001,30.200001,1076100,-/-
2018-06-07,30.740000,30.777000,27.150000,27.799999,27.799999,1050500,0.99215
2018-06-08,28.040001,29.570000,28.010000,29.23,29.230000,535300,1.02418
2018-06-11,29.469999,32.549999,29.280001,31.530001,31.530001,1168400,1.07869
2018-06-12,32.290001,33.080002,28.969999,29.0,29.000000,1369100,-/-
2018-06-13,29.750000,30.150000,29.100000,29.74,29.740000,1000600,-/-
2018-06-14,30.750000,32.970001,30.580000,31.34,31.340000,1525400,0.99397
2018-06-15,31.549999,36.000000,31.250000,34.630001,34.630001,4141900,1.19414
2018-06-18,35.060001,37.779999,34.110001,37.09,37.090000,3329400,1.07104
2018-06-19,36.060001,37.689999,32.660000,33.509998,33.509998,2736700,-/-
2018-06-20,35.840000,35.869999,32.000000,32.009998,32.009998,1720900,-/-
2018-06-21,31.959999,32.049999,28.879999,29.190001,29.190001,2759400,0.787
2018-06-22,29.639999,29.910000,26.600000,27.639999,27.639999,2570700,0.82483
2018-06-25,26.670000,29.000000,26.280001,28.68,28.680000,1873900,1.03763
2018-06-26,29.000000,30.100000,27.090000,27.469999,27.469999,1553800,-/-
2018-06-27,27.600000,28.490000,26.459999,26.959999,26.959999,1651400,-/-
2018-06-28,26.760000,28.480000,26.660000,28.33,28.330000,1099800,0.9878
2018-06-29,28.690001,30.680000,27.190001,27.200001,27.200001,1842200,0.99017
2018-07-02,27.540001,28.680000,27.180000,28.49,28.490000,1552700,1.04743
2018-07-03,28.400000,28.825001,27.650000,28.32,28.320000,649700,-/-
2018-07-05,28.370001,28.990000,26.680000,26.74,26.740000,1516800,0.93857
2018-07-06,27.080000,27.690001,25.820000,26.309999,26.309999,1219100,0.92903
2018-07-09,26.709999,27.000000,25.610001,26.07,26.070000,1331400,0.99088
2018-07-10,26.410000,26.500000,24.549999,24.780001,24.780001,2243900,-/-
2018-07-11,24.299999,25.049999,24.120001,24.26,24.260000,1628100,-/-
2018-07-12,24.510000,26.700001,24.150000,25.889999,25.889999,1934400,0.9931
2018-07-13,25.790001,25.940001,23.870001,25.690001,25.690001,1487000,1.03672
2018-07-16,25.230000,25.480000,24.250000,24.41,24.410000,1051200,0.95018
2018-07-17,24.299999,26.870001,24.290001,26.58,26.580000,1740600,-/-
2018-07-18,26.850000,27.990000,26.120001,27.18,27.180000,1658400,-/-
2018-07-19,27.090000,27.660000,25.500000,25.809999,25.809999,1400000,1.05735
2018-07-20,26.000000,26.469999,25.219999,25.27,25.270000,929900,0.95071
2018-07-23,25.219999,26.639999,24.620001,26.540001,26.540001,905700,1.05026
2018-07-24,26.799999,27.441000,25.010000,25.25,25.250000,1086500,-/-
2018-07-25,25.450001,26.450001,25.410000,26.309999,26.309999,752400,-/-
2018-07-26,25.740000,26.740000,25.430000,26.030001,26.030001,431500,0.98078
2018-07-27,26.180000,26.549999,24.660000,25.120001,25.120001,1027200,0.99485
2018-07-30,25.120001,25.379999,22.879999,22.93,22.930000,1369100,0.91282
2018-07-31,23.500000,25.200001,22.500000,24.530001,24.530001,1920200,-/-
2018-08-01,24.180000,25.138000,23.770000,24.58,24.580000,848800,-/-
2018-08-02,24.370001,26.000000,24.000000,25.83,25.830000,1118100,1.12647
2018-08-03,26.530001,26.559999,25.000000,25.18,25.180000,955300,1.0265
2018-08-06,25.280001,28.230000,25.260000,28.0,28.000000,1398100,1.11199
2018-08-07,28.840000,29.340000,27.000000,27.4,27.400000,1033000,-/-
2018-08-08,27.559999,27.945999,26.110001,26.73,26.730000,484200,-/-
2018-08-09,27.290001,28.990000,27.059999,28.200001,28.200001,1388000,1.00714
2018-08-10,28.000000,29.950001,27.660000,28.43,28.430000,1274000,1.03759
2018-08-13,28.809999,29.930000,28.750000,29.379999,29.379999,1236200,1.03342
2018-08-14,29.750000,30.879999,28.600000,30.57,30.570000,1625600,-/-
2018-08-15,29.840000,30.750000,29.000000,30.0,30.000000,920800,-/-
2018-08-16,30.500000,30.549999,29.730000,30.34,30.340000,978500,1.03268
2018-08-17,29.709999,30.290001,28.830000,29.15,29.150000,1352800,0.95355
2018-08-20,29.900000,29.990000,28.055000,28.299999,28.299999,971000,0.97084
2018-08-21,28.280001,29.330000,28.231001,28.799999,28.799999,979800,-/-
2018-08-22,28.389999,30.000000,28.337000,29.719999,29.719999,761900,-/-
2018-08-23,29.870001,30.850000,29.170000,30.17,30.170000,1047100,1.06608
2018-08-24,30.379999,33.480000,30.322001,33.380001,33.380001,1821700,1.15903
2018-08-27,35.310001,35.650002,33.720001,35.099998,35.099998,2239600,1.05153
2018-08-28,35.450001,35.682999,32.220001,32.34,32.340000,2711300,-/-
2018-08-29,33.367001,33.750000,31.344999,33.400002,33.400002,1726800,-/-
2018-08-30,33.419998,34.750000,32.014999,34.009998,34.009998,2454500,0.96895
2018-08-31,29.129999,29.200001,27.530001,27.58,27.580000,8608400,0.85281
2018-09-04,27.700001,28.389999,26.211000,27.860001,27.860001,3298500,-/-
2018-09-05,27.049999,27.150000,25.200001,25.84,25.840000,4166600,-/-
2018-09-06,26.040001,26.100000,24.530001,25.040001,25.040001,2424200,-/-
2018-09-07,25.000000,26.230000,24.080000,25.530001,25.530001,2054600,0.91637
2018-09-10,25.500000,25.639999,24.240000,24.67,24.670000,1551800,0.96631
2018-09-11,24.780001,26.020000,24.500000,25.51,25.510000,1191200,-/-
2018-09-12,25.840000,26.209999,25.065001,26.01,26.010000,1306300,-/-
2018-09-13,26.290001,26.430000,25.320000,25.58,25.580000,1659200,1.03689
2018-09-14,25.580000,25.809999,24.500000,24.629999,24.629999,1379700,0.9655
2018-09-17,24.350000,24.950001,23.799999,24.110001,24.110001,972600,0.97889
2018-09-18,24.290001,24.480000,23.100000,23.309999,23.309999,1749300,-/-
2018-09-19,23.350000,23.420000,22.260000,22.91,22.910000,2018300,-/-
2018-09-20,22.770000,23.450001,21.799999,22.99,22.990000,3060500,0.95355
2018-09-21,23.389999,24.000000,22.590000,23.360001,23.360001,1880700,1.00215
2018-09-24,23.190001,23.469999,22.820000,22.93,22.930000,975600,0.98159
2018-09-25,22.730000,23.250000,22.200001,22.26,22.260000,1748100,-/-
2018-09-26,22.299999,22.700001,22.020000,22.43,22.430000,1618600,-/-
2018-09-27,22.500000,23.049999,22.370001,22.889999,22.889999,1146000,0.99826
2018-09-28,22.790001,23.400000,22.170000,23.110001,23.110001,1366600,1.03819
2018-10-01,23.070000,23.110001,21.410000,21.469999,21.469999,3167000,0.92903
2018-10-02,21.580000,21.860001,20.410000,21.110001,21.110001,1719700,-/-
2018-10-03,20.709999,21.430000,20.420000,21.1,21.100000,2058000,-/-
2018-10-04,20.889999,21.499001,20.520000,21.32,21.320000,1627900,0.99301
2018-10-05,21.260000,21.480000,20.690001,21.16,21.160000,1474200,1.00237
2018-10-08,20.889999,21.240000,19.770000,19.940001,19.940001,2119400,0.94234
2018-10-09,19.500000,20.100000,18.969999,19.65,19.650000,4978200,-/-
2018-10-10,19.280001,20.110001,18.150000,18.51,18.510000,2509600,-/-
2018-10-11,18.500000,18.920000,17.719999,17.83,17.830000,2634100,0.89418
2018-10-12,19.209999,19.209999,17.959999,18.1,18.100000,2350300,0.92112
2018-10-15,18.030001,20.299999,17.730000,19.790001,19.790001,3176800,1.09337
2018-10-16,20.450001,21.100000,19.809999,20.91,20.910000,2125200,-/-
2018-10-17,21.070000,21.250000,20.000999,20.83,20.830000,1252100,-/-
2018-10-18,20.719999,21.309999,20.257000,20.9,20.900000,1174300,1.05609
2018-10-19,21.084999,21.290001,19.780001,20.0,20.000000,1828700,0.95648
2018-10-22,20.110001,20.209999,19.209999,19.4,19.400000,1180900,0.97
2018-10-23,18.870001,19.790001,18.580000,19.49,19.490000,859500,-/-
2018-10-24,19.450001,19.690001,17.870001,17.91,17.910000,1173600,-/-
2018-10-25,18.120001,19.620001,17.870001,19.32,19.320000,1395600,0.99588
2018-10-26,18.510000,19.490000,18.451000,19.030001,19.030001,1063600,0.9764
2018-10-29,19.549999,19.940001,18.180000,18.459999,18.459999,1141600,0.97005
2018-10-30,18.490000,19.350000,18.400000,19.35,19.350000,1110400,-/-
2018-10-31,19.709999,20.510000,19.500999,20.42,20.420000,1718100,-/-
2018-11-01,20.520000,20.900000,20.010000,20.6,20.600000,1264700,1.11593
2018-11-02,20.799999,21.275000,20.490000,20.780001,20.780001,1342100,1.0739
2018-11-05,20.940001,21.025000,20.239000,20.709999,20.709999,600700,0.99663
2018-11-06,20.870001,21.190001,20.500000,20.799999,20.799999,786400,-/-
2018-11-07,21.240000,21.510000,20.850000,21.49,21.490000,1770100,-/-
2018-11-08,21.500000,22.020000,21.100000,21.85,21.850000,1211200,1.05505
2018-11-09,21.440001,21.700001,20.379999,20.969999,20.969999,1010600,1.00817
2018-11-12,20.930000,21.100000,20.000000,20.33,20.330000,796000,0.96948
2018-11-13,20.480000,21.100000,20.219999,20.459999,20.459999,670800,-/-
2018-11-14,20.780001,21.000000,20.311001,20.450001,20.450001,855200,-/-
2018-11-15,20.370001,21.379999,20.260000,21.27,21.270000,819400,1.04624
2018-11-16,21.049999,21.510000,20.389999,20.73,20.730000,780600,1.0132
2018-11-19,20.730000,20.799999,17.709999,17.76,17.760000,2166200,0.85673
2018-11-20,16.520000,17.770000,16.000000,17.4,17.400000,2011800,-/-
2018-11-21,17.790001,18.000000,17.370001,17.66,17.660000,822600,-/-
2018-11-23,17.299999,18.299999,17.209000,17.93,17.930000,397700,1.03046
2018-11-26,18.200001,18.969999,18.044001,18.83,18.830000,849800,1.0502
2018-11-27,18.610001,19.240000,18.473000,18.75,18.750000,939000,-/-
2018-11-28,19.240000,20.180000,18.910000,20.0,20.000000,1575800,-/-
2018-11-29,20.240000,20.690001,19.709999,20.559999,20.559999,2824100,1.09187
2018-11-30,19.129999,20.500000,18.347000,19.030001,19.030001,3640600,1.01493
2018-12-03,20.200001,20.230000,18.809999,19.25,19.250000,1596200,1.01156
2018-12-04,18.910000,18.910000,18.000000,18.1,18.100000,2027600,-/-
2018-12-06,17.900000,18.530001,17.549999,18.530001,18.530001,1374700,0.9626
2018-12-07,18.430000,18.566999,17.809999,18.139999,18.139999,1022500,1.00221
2018-12-10,18.040001,18.620001,17.790001,18.049999,18.049999,1192800,0.99504
2018-12-11,18.590000,19.500000,17.900000,18.469999,18.469999,1885000,-/-
2018-12-12,18.580000,19.080000,18.580000,18.719999,18.719999,1912000,-/-
2018-12-13,18.900000,19.090000,18.000000,18.1,18.100000,1024600,1.00277
2018-12-14,17.870001,18.530001,17.650000,18.24,18.240000,1039200,0.98755
2018-12-17,17.870001,18.080000,16.100000,16.15,16.150000,2642200,0.88542
2018-12-18,16.570000,17.100000,16.400000,16.799999,16.799999,1970400,-/-
2018-12-19,16.770000,18.360001,16.709999,17.52,17.520000,2647500,-/-
2018-12-20,18.230000,18.440001,16.690001,17.040001,17.040001,1987600,1.05511
2018-12-21,17.059999,17.059999,15.880000,16.08,16.080000,2518300,0.95714
2018-12-24,15.670000,16.850000,15.560000,16.360001,16.360001,550000,1.01741
2018-12-26,16.680000,17.820000,16.370001,17.809999,17.809999,1092300,-/-
2018-12-27,17.309999,17.920000,16.620001,17.9,17.900000,1011200,1.09413
2018-12-28,17.940001,18.160000,17.410000,17.65,17.650000,1141000,-/-
2018-12-31,17.950001,18.150000,17.760000,18.139999,18.139999,1125500,1.02776
2019-01-02,17.700001,18.670000,17.650000,18.200001,18.200001,1039500,-/-
2019-01-03,17.860001,18.209999,17.270000,17.68,17.680000,766700,0.97464
2019-01-04,18.090000,18.660000,17.959999,18.549999,18.549999,1355300,-/-
2019-01-07,18.830000,19.850000,18.760000,19.49,19.490000,1602600,1.05067
2019-01-08,19.940001,19.940001,19.320000,19.74,19.740000,889700,-/-
2019-01-09,19.900000,20.000000,19.711000,19.879999,19.879999,1011200,-/-
2019-01-10,19.680000,20.110001,19.120001,19.93,19.930000,1870700,1.02258
2019-01-11,19.840000,19.990000,19.639999,19.969999,19.969999,591600,1.01165
2019-01-14,19.900000,19.950001,19.500000,19.77,19.770000,651600,0.98999
2019-01-15,19.840000,20.500000,19.660000,20.48,20.480000,1278600,-/-
2019-01-16,20.250000,20.750000,19.860001,20.200001,20.200001,1442300,-/-
2019-01-17,20.150000,20.950001,20.047001,20.76,20.760000,1580600,1.05008
2019-01-18,20.950001,21.600000,20.900000,21.139999,21.139999,2241700,1.03223
2019-01-22,20.920000,21.549999,20.610001,21.34,21.340000,892500,-/-
2019-01-23,21.500000,21.639999,19.920000,20.43,20.430000,1029000,-/-
2019-01-24,20.350000,20.660000,19.820000,20.389999,20.389999,788000,-/-
2019-01-25,20.480000,21.480000,20.209999,21.360001,21.360001,1479300,1.00094
2019-01-28,21.049999,21.379999,20.850000,21.129999,21.129999,643100,0.98923
2019-01-29,21.139999,21.309999,20.860001,20.870001,20.870001,421300,-/-
2019-01-30,21.240000,21.480000,20.900000,21.34,21.340000,650100,-/-
2019-01-31,21.379999,22.445000,21.280001,21.639999,21.639999,1216800,1.02414
2019-02-01,21.230000,21.400000,20.500000,21.16,21.160000,1249600,1.0139
2019-02-04,20.980000,21.850000,20.980000,21.389999,21.389999,543000,1.01087
2019-02-05,21.500000,21.719999,21.020000,21.389999,21.389999,1307500,-/-
2019-02-06,21.389999,21.510000,20.290001,20.530001,20.530001,1143600,-/-
2019-02-07,20.389999,20.980000,19.799999,20.82,20.820000,1321200,0.97335
2019-02-08,20.600000,21.490000,20.583000,21.299999,21.299999,934000,0.99579
2019-02-11,21.459999,21.459999,20.080000,20.27,20.270000,1199400,0.95164
2019-02-12,20.540001,20.900000,20.400000,20.68,20.680000,663900,-/-
2019-02-13,20.830000,21.469999,20.820000,21.18,21.180000,1043300,-/-
2019-02-14,21.000000,22.844999,21.000000,22.51,22.510000,2648500,1.11051
2019-02-15,22.600000,23.020000,22.410000,22.5,22.500000,1324200,1.08801
2019-02-19,22.540001,23.500000,22.320000,23.219999,23.219999,1430000,-/-
2019-02-20,23.250000,23.700001,23.040001,23.18,23.180000,1624300,-/-
2019-02-21,23.139999,23.450001,22.389999,23.309999,23.309999,830400,-/-
2019-02-22,23.690001,24.070000,23.520000,23.969999,23.969999,1741100,1.0323
2019-02-25,24.280001,24.469999,23.650000,24.24,24.240000,1641300,1.01126
2019-02-26,24.280001,24.480000,23.510000,23.639999,23.639999,1185700,-/-
2019-02-27,23.660000,24.650000,23.270000,24.549999,24.549999,1259000,-/-
2019-02-28,24.440001,24.540001,23.750000,23.76,23.760000,916300,0.9802
2019-03-01,24.090000,24.200001,23.360001,23.41,23.410000,1813100,0.99027
2019-03-04,23.700001,23.719999,21.629999,22.809999,22.809999,1806400,0.97437
2019-03-05,22.709999,22.799999,22.040001,22.5,22.500000,2156000,-/-
2019-03-06,22.330000,23.299999,22.250000,22.4,22.400000,957400,-/-
2019-03-07,22.400000,23.600000,22.309999,22.98,22.980000,1130400,1.00745
2019-03-08,22.650000,23.450001,22.360001,23.040001,23.040001,1086800,1.024
2019-03-11,23.100000,24.170000,23.100000,23.549999,23.549999,1540600,1.02214
2019-03-12,23.650000,24.049999,23.400000,23.52,23.520000,1250600,-/-
2019-03-13,23.580000,24.219999,23.450001,23.629999,23.629999,1479700,-/-
2019-03-14,23.580000,24.000000,23.280001,23.5,23.500000,1010800,0.99788
2019-03-15,23.549999,23.850000,23.090000,23.41,23.410000,1293000,0.99532
2019-03-18,23.639999,23.740000,22.770000,23.059999,23.059999,1050600,0.98505
2019-03-19,24.000000,24.410000,23.309999,23.43,23.430000,2485600,-/-
2019-03-20,23.830000,24.230000,23.400000,23.74,23.740000,1830300,-/-
2019-03-21,23.820000,24.434000,23.680000,24.33,24.330000,5054500,1.05507
2019-03-22,22.280001,23.969999,20.280001,20.91,20.910000,10602400,0.89245
2019-03-25,20.750000,20.820000,19.510000,20.389999,20.389999,3656100,0.97513
2019-03-26,20.040001,20.250000,19.129999,19.48,19.480000,5074300,-/-
2019-03-27,19.230000,19.340000,18.129999,19.200001,19.200001,4557900,-/-
2019-03-28,19.219999,20.030001,18.870001,19.51,19.510000,2057200,0.95684
2019-03-29,19.760000,20.129999,19.379999,20.030001,20.030001,2547700,1.02823
2019-04-01,20.200001,20.299999,19.570000,19.68,19.680000,2698400,0.98253
2019-04-02,19.730000,20.309999,19.600000,20.25,20.250000,1878400,-/-
2019-04-03,20.400000,20.950001,20.219999,20.58,20.580000,2029100,-/-
2019-04-04,20.540001,20.870001,19.700001,20.139999,20.139999,2252300,1.02337
2019-04-05,20.120001,20.520000,20.059999,20.15,20.150000,1360200,0.99506
2019-04-08,20.129999,20.309999,19.740000,20.23,20.230000,907600,1.00397
2019-04-09,20.070000,20.270000,19.629999,19.68,19.680000,720300,-/-
2019-04-10,19.650000,20.139999,19.620001,19.790001,19.790001,852100,-/-
2019-04-11,19.870001,20.000000,19.670000,19.700001,19.700001,670200,0.9738
2019-04-12,19.760000,19.879000,19.180000,19.34,19.340000,1415700,0.98272
2019-04-15,19.250000,19.629999,19.049999,19.379999,19.379999,851900,1.00207
2019-04-16,19.370001,19.740000,18.850000,19.49,19.490000,1422000,-/-
2019-04-17,19.740000,19.799999,18.830000,19.549999,19.549999,1687800,-/-
2019-04-18,19.389999,19.639999,18.879999,19.219999,19.219999,1350500,0.99174
2019-04-22,19.070000,19.500000,18.950001,19.32,19.320000,883400,-/-
2019-04-23,19.400000,20.129999,19.322001,19.99,19.990000,1320400,-/-
2019-04-24,20.200001,20.400000,19.870001,20.049999,20.049999,1332000,-/-
2019-04-25,20.549999,21.850000,20.549999,21.26,21.260000,4727600,1.10041
2019-04-26,21.450001,21.950001,21.209999,21.35,21.350000,1950000,1.06803
2019-04-29,21.410000,22.370001,21.410000,22.110001,22.110001,2141900,1.0356
2019-04-30,22.010000,22.650000,21.940001,22.1,22.100000,1146300,-/-
2019-05-01,22.209999,22.268999,21.010000,21.379999,21.379999,1658900,-/-
2019-05-02,21.450001,21.770000,21.010000,21.360001,21.360001,1110400,0.96608
2019-05-03,21.540001,22.330000,21.400000,22.24,22.240000,1148900,1.00633
2019-05-06,21.780001,23.040001,21.360001,22.870001,22.870001,2885400,1.02833
2019-05-07,22.500000,22.980000,21.680000,22.1,22.100000,1616300,-/-
2019-05-08,22.100000,22.840000,22.030001,22.26,22.260000,1249700,-/-
2019-05-09,21.940001,22.805000,21.150000,22.450001,22.450001,1372700,0.98164
2019-05-10,22.219999,22.480000,21.379999,22.35,22.350000,1369900,1.01131
2019-05-13,21.820000,21.931000,20.990000,21.129999,21.129999,1135500,0.94541
2019-05-14,21.309999,21.930000,21.209999,21.809999,21.809999,1095300,-/-
2019-05-15,21.610001,22.450001,21.603001,22.24,22.240000,892100,-/-
2019-05-16,22.270000,23.000000,22.270000,22.559999,22.559999,1357800,1.06768
2019-05-17,22.340000,22.889999,22.059999,22.33,22.330000,777700,1.02384
2019-05-20,22.000000,22.230000,21.664000,22.059999,22.059999,953300,0.98791
2019-05-21,22.299999,22.790001,22.219999,22.59,22.590000,1599100,-/-
2019-05-22,22.530001,22.840000,22.290001,22.389999,22.389999,1036800,-/-
2019-05-23,22.100000,22.170000,20.320000,20.799999,20.799999,3787300,0.94288
2019-05-24,21.090000,21.370001,20.809999,21.35,21.350000,1172500,0.94511
2019-05-28,21.320000,22.010000,21.190001,21.370001,21.370001,2190100,-/-
2019-05-29,21.270000,21.309999,20.059999,20.35,20.350000,2474500,-/-
2019-05-30,20.540001,20.870001,19.732000,19.9,19.900000,3951000,-/-
2019-05-31,13.360000,14.240000,13.350000,13.99,13.990000,18995200,0.65466
2019-06-03,14.000000,14.020000,13.040000,13.26,13.260000,8121700,0.94782
2019-06-04,13.600000,14.440000,13.450000,14.3,14.300000,3076100,-/-
2019-06-05,14.550000,14.650000,13.960000,14.18,14.180000,2229900,-/-
2019-06-06,14.160000,14.720000,14.100000,14.57,14.570000,2180700,1.09879
2019-06-07,14.500000,14.980000,14.400000,14.56,14.560000,2069600,1.01818
2019-06-10,14.810000,15.470000,14.650000,14.76,14.760000,3202800,1.01374
2019-06-11,14.870000,14.916000,14.150000,14.17,14.170000,2441000,-/-
2019-06-12,14.020000,15.180000,14.000000,14.97,14.970000,3071100,-/-
2019-06-13,15.200000,15.290000,14.680000,14.94,14.940000,1242900,1.0122
2019-06-14,14.800000,14.850000,14.400000,14.73,14.730000,1297200,1.03952
2019-06-17,14.730000,15.640000,14.730000,15.5,15.500000,1852200,1.05227
2019-06-18,15.530000,16.000000,15.470000,15.66,15.660000,1432000,-/-
2019-06-19,15.660000,16.278999,15.630000,15.91,15.910000,1396900,-/-
2019-06-20,16.150000,16.299999,15.500000,15.71,15.710000,1536400,1.01355
2019-06-21,15.730000,16.000000,15.500000,15.91,15.910000,3802300,1.01596
2019-06-24,15.880000,15.940000,15.000000,15.12,15.120000,1745300,0.95035
2019-06-25,15.040000,15.095000,14.610000,14.89,14.890000,1663700,-/-
2019-06-26,15.000000,15.390000,14.600000,14.74,14.740000,1205700,-/-
2019-06-27,14.750000,15.230000,14.710000,15.03,15.030000,1262800,0.99405
2019-06-28,15.030000,15.390000,14.935000,15.32,15.320000,13166400,1.02888
2019-07-01,15.460000,15.885000,15.350000,15.46,15.460000,2005400,1.00914
2019-07-02,15.470000,15.895000,15.150000,15.85,15.850000,1251900,-/-
2019-07-03,15.900000,16.250000,15.720000,16.040001,16.040001,863200,-/-
2019-07-05,15.820000,16.160000,15.710000,16.110001,16.110001,771300,1.0164
2019-07-08,15.970000,16.180000,15.843000,16.049999,16.049999,870200,0.99628
2019-07-09,15.910000,16.379999,15.760000,16.360001,16.360001,998000,-/-
2019-07-10,16.370001,16.745001,16.260000,16.450001,16.450001,762400,-/-
2019-07-11,16.450001,16.549999,16.110001,16.35,16.350000,724600,1.01869
2019-07-12,16.400000,16.570000,16.120001,16.389999,16.389999,727300,1.00183
2019-07-15,16.480000,16.650000,16.260000,16.32,16.320000,708800,0.99573
2019-07-16,16.600000,16.649000,15.650000,15.76,15.760000,1310400,-/-
2019-07-17,15.800000,16.061001,15.400000,15.48,15.480000,1309400,-/-
2019-07-18,15.380000,15.490000,14.970000,15.49,15.490000,1115300,0.94914
2019-07-19,15.630000,15.790000,15.170000,15.31,15.310000,734200,0.97145
2019-07-22,15.390000,15.510000,15.170000,15.41,15.410000,470600,1.00653
2019-07-23,15.480000,15.480000,15.075000,15.09,15.090000,753400,-/-
2019-07-24,15.090000,15.470000,15.000000,15.39,15.390000,1371500,-/-
2019-07-25,15.380000,15.900000,15.200000,15.3,15.300000,1138800,0.99286
2019-07-26,15.420000,15.880000,15.325000,15.55,15.550000,815700,1.03048
2019-07-29,15.600000,15.692000,14.820000,15.19,15.190000,908500,0.97685
2019-07-30,15.060000,15.580000,14.930000,15.5,15.500000,646300,-/-
2019-07-31,15.530000,15.630000,14.840000,15.01,15.010000,843800,-/-
2019-08-01,15.060000,15.407000,14.670000,14.84,14.840000,1109000,0.97696
2019-08-02,14.780000,14.945000,14.420000,14.83,14.830000,999400,0.95677
2019-08-05,14.130000,14.210000,13.420000,13.96,13.960000,1683200,0.94134
2019-08-06,14.140000,14.320000,13.830000,14.02,14.020000,746800,-/-
2019-08-07,13.910000,14.330000,13.670000,14.21,14.210000,624200,-/-
2019-08-08,14.270000,14.880000,14.230000,14.44,14.440000,841400,1.03438
2019-08-09,14.400000,14.540000,13.980000,14.05,14.050000,760100,1.00214
2019-08-12,13.900000,14.050000,13.720000,13.84,13.840000,597600,0.98505
2019-08-13,13.800000,14.320000,13.710000,13.9,13.900000,1120300,-/-
2019-08-14,13.700000,13.880000,13.320000,13.74,13.740000,1188600,-/-
2019-08-15,13.750000,13.810000,13.060000,13.32,13.320000,1258900,0.96243
2019-08-16,13.460000,13.900000,13.420000,13.54,13.540000,2426500,0.9741
2019-08-19,13.780000,13.925000,13.555000,13.67,13.670000,1171300,1.0096
2019-08-20,13.630000,13.925000,13.530000,13.81,13.810000,902500,-/-
2019-08-21,13.930000,14.453000,13.910000,14.04,14.040000,1216400,-/-
2019-08-22,14.110000,14.410000,13.990000,14.29,14.290000,1110200,1.04535
2019-08-23,14.280000,14.670000,14.095000,14.19,14.190000,1147600,1.02752
2019-08-26,14.330000,14.430000,13.930000,14.31,14.310000,1118000,1.00846
2019-08-27,14.450000,14.500000,13.710000,14.0,14.000000,1744900,-/-
2019-08-28,13.800000,13.960000,13.431000,13.93,13.930000,2345000,-/-
2019-08-29,15.240000,15.510000,14.310000,14.88,14.880000,3453300,1.03983
2019-08-30,15.080000,15.400000,14.820000,15.05,15.050000,1849400,1.075
2019-09-03,14.970000,14.970000,14.330000,14.39,14.390000,1544400,-/-
2019-09-04,14.660000,14.830000,14.440000,14.67,14.670000,1097600,-/-
2019-09-05,14.910000,15.070000,14.560000,14.93,14.930000,1041200,-/-
2019-09-06,15.100000,15.450000,14.640000,15.31,15.310000,1261000,1.06393
2019-09-09,15.390000,15.870000,15.140000,15.46,15.460000,1279100,1.0098
2019-09-10,15.300000,15.950000,15.130000,15.89,15.890000,968900,-/-
2019-09-11,15.750000,16.000000,15.270000,15.72,15.720000,1481000,-/-
2019-09-12,15.660000,15.930000,15.290000,15.34,15.340000,1273400,0.99224
2019-09-13,15.240000,15.505000,15.130000,15.19,15.190000,873000,0.95595
2019-09-16,14.790000,15.330000,14.760000,15.31,15.310000,1475800,1.0079
2019-09-17,15.330000,15.775000,15.260000,15.7,15.700000,1705600,-/-
2019-09-18,15.670000,15.700000,15.210000,15.49,15.490000,1092900,-/-
2019-09-19,15.500000,15.970000,15.500000,15.76,15.760000,810500,1.02939
2019-09-20,15.750000,16.000000,15.570000,15.75,15.750000,3576400,1.00318
2019-09-23,15.630000,15.830000,15.400000,15.6,15.600000,1305200,0.99048
2019-09-24,15.720000,15.720000,15.030000,15.17,15.170000,1358100,-/-
2019-09-25,15.180000,15.370000,14.950000,15.24,15.240000,1675600,-/-
2019-09-26,15.230000,16.590000,15.070000,15.99,15.990000,3679000,1.025
2019-09-27,16.219999,16.379999,14.810000,15.1,15.100000,2199600,0.99539
2019-09-30,15.150000,15.319000,14.650000,15.05,15.050000,1144100,0.99669
2019-10-01,15.050000,15.340000,14.610000,14.65,14.650000,1399200,-/-
2019-10-02,14.470000,14.700000,14.160000,14.55,14.550000,1359100,-/-
2019-10-03,14.540000,15.230000,14.400000,15.09,15.090000,847700,1.00266
2019-10-04,15.090000,15.280000,14.900000,15.03,15.030000,763800,1.02594
2019-10-07,15.000000,15.190000,14.750000,14.82,14.820000,1066700,0.98603
2019-10-08,14.630000,14.760000,14.300000,14.49,14.490000,572800,-/-
2019-10-09,14.610000,14.860000,14.410000,14.53,14.530000,641100,-/-
2019-10-10,14.550000,14.860000,14.400000,14.52,14.520000,654700,0.97976
2019-10-11,14.670000,14.940000,14.500000,14.66,14.660000,829300,1.01173
2019-10-14,14.620000,14.660000,14.180000,14.18,14.180000,684400,0.96726
2019-10-15,14.200000,14.350000,14.020000,14.18,14.180000,837100,-/-
2019-10-16,14.050000,14.330000,13.770000,14.22,14.220000,1491500,-/-
2019-10-17,14.310000,14.323000,14.010000,14.13,14.130000,980700,0.99647
2019-10-18,14.160000,14.200000,13.435000,13.62,13.620000,1907600,0.96051
2019-10-21,13.750000,14.190000,13.650000,14.11,14.110000,822000,1.03598
2019-10-22,14.200000,14.280000,13.780000,13.84,13.840000,705200,-/-
2019-10-23,13.890000,14.240000,13.750000,13.99,13.990000,846700,-/-
2019-10-24,14.050000,14.330000,13.980000,14.27,14.270000,698800,1.01134
2019-10-25,14.250000,14.450000,14.040000,14.39,14.390000,1510700,1.03974
2019-10-28,14.450000,14.630000,14.310000,14.49,14.490000,639800,1.00695
2019-10-29,14.440000,14.480000,14.140000,14.28,14.280000,533100,-/-
2019-10-30,14.300000,14.510000,14.160000,14.35,14.350000,506800,-/-
2019-10-31,14.390000,14.480000,14.010000,14.25,14.250000,671300,0.98344
2019-11-01,14.320000,14.670000,14.290000,14.53,14.530000,616500,1.01751
2019-11-04,14.650000,15.000000,14.390000,14.48,14.480000,776400,0.99656
2019-11-05,14.580000,14.680000,14.400000,14.61,14.610000,567400,-/-
2019-11-06,14.590000,15.030000,14.370000,14.44,14.440000,1109300,-/-
2019-11-07,14.560000,14.710000,14.195000,14.35,14.350000,595500,0.99102
2019-11-08,14.240000,14.630000,14.070000,14.62,14.620000,639400,1.00068
2019-11-11,14.500000,14.750000,14.370000,14.67,14.670000,531600,1.00342
2019-11-12,14.720000,15.160000,14.680000,14.77,14.770000,727300,-/-
2019-11-13,14.730000,14.810000,14.490000,14.79,14.790000,706400,-/-
2019-11-14,14.750000,14.970000,14.610000,14.66,14.660000,464700,0.99932
2019-11-15,14.700000,15.220000,14.700000,15.2,15.200000,876000,1.02911
2019-11-18,15.200000,15.200000,14.810000,14.9,14.900000,711300,0.98026
2019-11-19,14.950000,15.420000,14.950000,15.16,15.160000,739100,-/-
2019-11-20,15.170000,15.670000,15.140000,15.5,15.500000,1164900,-/-
2019-11-21,15.510000,15.750000,15.320000,15.56,15.560000,782500,1.0443
2019-11-22,15.670000,15.800000,15.340000,15.45,15.450000,722900,1.01913
2019-11-25,15.540000,15.980000,15.540000,15.72,15.720000,663400,1.01748
2019-11-26,15.730000,16.170000,15.720000,15.81,15.810000,991600,-/-
2019-11-27,15.930000,16.000000,15.770000,15.84,15.840000,519600,-/-
2019-11-29,15.800000,16.129999,15.700000,15.94,15.940000,324600,1.00822
2019-12-02,15.950000,15.980000,15.000000,15.04,15.040000,987400,0.94354
2019-12-03,14.620000,15.480000,14.580000,15.36,15.360000,892600,-/-
2019-12-04,15.480000,15.700000,15.110000,15.52,15.520000,755200,-/-
2019-12-05,15.480000,15.515000,14.995000,15.1,15.100000,1194600,1.00399
2019-12-06,15.250000,15.781000,14.720000,14.9,14.900000,2299400,0.97005
2019-12-09,15.030000,15.660000,14.940000,15.46,15.460000,1100700,1.03758
2019-12-10,15.300000,15.330000,14.410000,14.49,14.490000,1905600,-/-
2019-12-11,14.470000,14.500000,14.000000,14.21,14.210000,1768800,-/-
2019-12-12,14.170000,14.380000,14.000000,14.16,14.160000,1477000,0.91591
2019-12-13,14.070000,14.550000,13.900000,14.18,14.180000,1118200,0.97861
2019-12-16,14.290000,14.460000,14.110000,14.2,14.200000,899600,1.00141
2019-12-17,14.210000,14.430000,14.130000,14.29,14.290000,1065300,-/-
2019-12-18,14.350000,14.660000,14.240000,14.62,14.620000,1077200,-/-
2019-12-19,14.600000,14.630000,14.260000,14.35,14.350000,868200,1.01056
2019-12-20,14.390000,14.450000,14.130000,14.38,14.380000,1914600,1.0063
2019-12-23,14.370000,14.690000,14.250000,14.52,14.520000,973900,1.00974
2019-12-24,14.550000,14.559000,14.295000,14.34,14.340000,461600,-/-
2019-12-26,14.300000,14.450000,14.220000,14.37,14.370000,741100,0.98967
2019-12-27,14.400000,14.400000,14.150000,14.21,14.210000,914600,0.99093
2019-12-30,14.100000,14.200000,13.680000,14.14,14.140000,1739500,0.99507
2019-12-31,14.050000,14.340000,14.050000,14.33,14.330000,1130200,-/-
2020-01-02,14.190000,14.850000,14.160000,14.76,14.760000,1792600,1.04385
2020-01-03,14.560000,15.100000,14.500000,14.77,14.770000,1104300,1.0307
2020-01-06,14.660000,14.730000,14.310000,14.67,14.670000,2004800,0.99323
2020-01-07,14.740000,14.830000,14.510000,14.69,14.690000,945600,-/-
2020-01-08,14.670000,14.820000,14.610000,14.66,14.660000,666500,-/-
2020-01-09,14.840000,15.040000,14.710000,14.88,14.880000,1037400,1.01431
2020-01-10,14.880000,15.080000,14.760000,15.03,15.030000,1119900,1.02314
2020-01-13,15.100000,15.565000,14.930000,15.45,15.450000,1581300,1.02794
2020-01-14,15.500000,15.600000,15.210000,15.34,15.340000,943900,-/-
2020-01-15,15.550000,15.900000,15.460000,15.5,15.500000,1135600,-/-
2020-01-16,15.800000,15.960000,15.560000,15.66,15.660000,840000,1.01359
2020-01-17,15.750000,15.750000,15.255000,15.35,15.350000,786600,1.00065
2020-01-21,15.340000,15.394000,15.055000,15.18,15.180000,755300,-/-
2020-01-22,15.270000,15.500000,15.270000,15.39,15.390000,733800,-/-
2020-01-23,15.400000,15.950000,15.260000,15.78,15.780000,1685000,-/-
2020-01-24,15.880000,16.030001,15.280000,15.45,15.450000,830700,1.01779
2020-01-27,15.000000,15.260000,14.918000,15.01,15.010000,851100,0.97152
2020-01-28,15.150000,15.190000,14.760000,15.06,15.060000,1232400,-/-
2020-01-29,15.130000,15.230000,14.750000,14.85,14.850000,892800,-/-
2020-01-30,14.740000,15.020000,14.740000,15.0,15.000000,535900,0.99933
2020-01-31,14.830000,14.940000,14.600000,14.75,14.750000,805100,0.97942
2020-02-03,14.760000,15.480000,14.760000,15.32,15.320000,1212200,1.03864
2020-02-04,15.540000,16.400000,15.540000,15.94,15.940000,1857200,-/-
2020-02-05,16.160000,16.160000,15.300000,15.69,15.690000,886900,-/-
2020-02-06,15.730000,16.080000,15.600000,15.84,15.840000,921200,1.03394
2020-02-07,15.750000,15.840000,15.460000,15.71,15.710000,660000,0.98557
2020-02-10,15.600000,15.870000,15.570000,15.84,15.840000,522500,1.00827
2020-02-11,15.930000,15.960000,15.510000,15.56,15.560000,676400,-/-
2020-02-12,15.710000,15.880000,15.500000,15.82,15.820000,957700,-/-
2020-02-13,15.720000,16.118999,15.720000,15.87,15.870000,599400,1.00189
2020-02-14,15.870000,16.129999,15.860000,15.97,15.970000,547500,1.02635
2020-02-18,15.860000,16.160000,15.570000,16.15,16.150000,711500,-/-
2020-02-19,16.240000,16.500000,16.010000,16.07,16.070000,1267500,-/-
2020-02-20,16.010000,16.389999,15.750000,16.08,16.080000,698300,-/-
2020-02-21,16.010000,16.010000,15.400000,15.63,15.630000,1102000,0.9678
2020-02-24,14.950000,15.400000,14.707000,14.99,14.990000,1545300,0.95905
2020-02-25,15.020000,15.095000,13.940000,14.05,14.050000,1616000,-/-
2020-02-26,14.130000,14.290000,13.500000,13.76,13.760000,2182900,-/-
2020-02-27,13.250000,13.660000,12.870000,13.15,13.150000,1740800,0.87725
2020-02-28,12.630000,13.240000,12.310000,13.24,13.240000,1759900,0.94235
2020-03-02,13.330000,13.450000,12.450000,12.98,12.980000,2210200,0.98036
2020-03-03,12.990000,13.100000,12.210000,12.32,12.320000,981300,-/-
2020-03-04,12.550000,12.680000,12.250000,12.52,12.520000,913100,-/-
2020-03-05,12.230000,12.480000,11.730000,12.05,12.050000,1202900,0.92835
2020-03-06,11.670000,11.890000,11.200000,11.49,11.490000,1414300,0.93263
2020-03-09,10.420000,11.140000,10.290000,10.31,10.310000,1322100,0.8973
2020-03-10,10.730000,11.050000,10.205000,11.03,11.030000,1736200,-/-
2020-03-11,10.660000,10.850000,9.820000,9.96,9.960000,1170800,-/-
2020-03-12,9.240000,9.450000,8.500000,8.59,8.590000,2202900,0.83317
2020-03-13,7.080000,7.800000,6.210000,7.69,7.690000,6335700,0.69719
2020-03-16,6.670000,7.650000,6.530000,7.19,7.190000,5716300,0.93498
2020-03-17,7.460000,7.905000,7.300000,7.89,7.890000,3626600,-/-
2020-03-18,7.390000,9.000000,7.360000,8.72,8.720000,2637700,-/-
2020-03-19,8.740000,9.410000,8.220000,8.4,8.400000,2380500,1.16829
2020-03-20,8.580000,8.780000,7.970000,8.1,8.100000,2508100,1.02662
2020-03-23,8.110000,8.340000,7.690000,8.01,8.010000,2442700,0.98889
2020-03-24,8.390000,8.690000,8.110000,8.5,8.500000,1755400,-/-
2020-03-25,8.510000,9.250000,8.300000,8.45,8.450000,2651200,-/-
2020-03-26,8.560000,9.150000,8.380000,9.02,9.020000,2144100,1.12609
2020-03-27,8.750000,8.850000,7.950000,8.09,8.090000,2255600,0.95176
2020-03-30,8.070000,8.450000,8.000000,8.43,8.430000,1353300,1.04203
2020-03-31,8.370000,8.650000,8.010000,8.05,8.050000,1769900,-/-
2020-04-01,7.750000,8.190000,7.700000,7.82,7.820000,1433100,-/-
2020-04-02,7.190000,8.280000,7.190000,8.25,8.250000,2522700,0.97865
2020-04-03,8.070000,8.400000,7.975000,8.23,8.230000,1216700,1.02236
2020-04-06,8.500000,8.870000,8.320000,8.78,8.780000,1461500,1.06683
2020-04-07,8.900000,9.050000,8.390000,8.45,8.450000,1878600,-/-
2020-04-08,8.540000,8.885000,8.350000,8.74,8.740000,1683800,-/-
2020-04-09,8.880000,9.260000,8.770000,9.12,9.120000,1959100,1.03872
2020-04-13,9.170000,9.560000,9.000000,9.47,9.470000,1565600,-/-
2020-04-14,9.340000,9.800000,9.220000,9.62,9.620000,1833600,-/-
2020-04-15,9.360000,10.160000,9.245000,9.75,9.750000,2336700,-/-
2020-04-16,9.930000,10.605000,9.430000,10.38,10.380000,3314400,1.09609
2020-04-17,10.580000,10.690000,9.850000,9.85,9.850000,1391500,1.02391
2020-04-20,9.750000,10.240000,9.650000,9.85,9.850000,898100,1.0
2020-04-21,9.790000,9.890000,8.960000,9.26,9.260000,1150300,-/-
2020-04-22,9.480000,9.590000,9.080000,9.45,9.450000,1046300,-/-
2020-04-23,9.450000,9.930000,9.340000,9.57,9.570000,968600,0.97157
2020-04-24,9.630000,9.720000,9.380000,9.66,9.660000,1739200,1.0432
2020-04-27,9.780000,10.490000,9.780000,10.37,10.370000,2157000,1.0735
2020-04-28,10.950000,11.090000,10.120000,10.43,10.430000,1228400,-/-
2020-04-29,10.610000,10.980000,10.500000,10.89,10.890000,1204400,-/-
2020-04-30,10.750000,10.960000,10.510000,10.57,10.570000,1564300,1.01929
2020-05-01,10.300000,10.330000,9.960000,10.23,10.230000,832400,0.98082
2020-05-04,10.120000,10.480000,9.930000,10.21,10.210000,1544300,0.99804
2020-05-05,10.400000,10.570000,9.960000,10.03,10.030000,1574800,-/-
2020-05-06,10.070000,10.580000,10.070000,10.46,10.460000,1028600,-/-
2020-05-07,10.650000,11.000000,10.590000,10.99,10.990000,1707200,1.0764
2020-05-08,11.000000,11.440000,10.710000,11.26,11.260000,1154400,1.12263
2020-05-11,11.200000,11.840000,11.000000,11.53,11.530000,1385400,1.02398
2020-05-12,12.000000,12.390000,11.460000,11.49,11.490000,1685400,-/-
2020-05-13,11.500000,11.670000,10.640000,10.82,10.820000,1369400,-/-
2020-05-14,10.000000,10.500000,9.900000,10.3,10.300000,1671600,0.89332
2020-05-15,10.290000,10.840000,10.190000,10.58,10.580000,1766500,0.9208
2020-05-18,10.920000,11.160000,10.660000,10.85,10.850000,1313900,1.02552
2020-05-19,10.940000,11.180000,10.740000,10.87,10.870000,857900,-/-
2020-05-20,11.150000,11.530000,11.000000,11.38,11.380000,1421200,-/-
2020-05-21,11.310000,11.530000,11.120000,11.35,11.350000,822300,1.04608
2020-05-22,11.540000,12.100000,11.400000,12.06,12.060000,1247600,1.10948
2020-05-26,12.500000,12.580000,11.790000,11.87,11.870000,1217700,-/-
2020-05-27,12.000000,12.108000,10.930000,11.66,11.660000,1455100,-/-
2020-05-28,11.610000,11.910000,11.120000,11.24,11.240000,1385300,-/-
2020-05-29,11.220000,12.060000,11.220000,12.01,12.010000,1468000,1.01179
2020-06-01,11.950000,12.500000,11.850000,12.26,12.260000,1758000,1.02082
2020-06-02,12.400000,12.400000,11.760000,12.03,12.030000,984900,-/-
2020-06-03,12.400000,12.650000,12.060000,12.59,12.590000,3654200,-/-
2020-06-04,15.110000,15.110000,12.500000,12.68,12.680000,11737300,1.03426
2020-06-05,12.830000,13.570000,12.520000,12.75,12.750000,2699400,1.05985
2020-06-08,12.850000,12.900000,12.030000,12.25,12.250000,2554600,0.96078
2020-06-09,12.200000,12.590000,12.140000,12.42,12.420000,1542000,-/-
2020-06-10,12.510000,13.450000,12.500000,12.8,12.800000,2880600,-/-
2020-06-11,12.330000,12.800000,11.725000,11.79,11.790000,2145200,0.96245
2020-06-12,12.140000,12.640000,12.110000,12.42,12.420000,2518700,1.0
2020-06-15,12.680000,13.500000,12.540000,13.5,13.500000,4995500,1.08696
2020-06-16,14.000000,14.040000,12.610000,13.32,13.320000,4203600,-/-
2020-06-17,13.370000,13.515000,13.200000,13.42,13.420000,2144500,-/-
2020-06-18,13.390000,13.550000,13.220000,13.52,13.520000,1639600,1.00148
2020-06-19,13.600000,13.600000,13.000000,13.01,13.010000,3572100,0.97673
2020-06-22,13.070000,13.523000,13.020000,13.51,13.510000,1718800,1.03843
2020-06-23,13.640000,13.640000,13.290000,13.34,13.340000,1722300,-/-
2020-06-24,13.170000,13.290000,12.700000,12.79,12.790000,1632100,-/-
2020-06-25,12.740000,13.150000,12.567000,13.13,13.130000,1190600,0.97187
2020-06-26,13.190000,13.210000,12.670000,12.97,12.970000,3107400,0.97226
2020-06-29,13.050000,13.130000,12.340000,12.54,12.540000,1690900,0.96685
2020-06-30,12.540000,12.790000,12.440000,12.75,12.750000,1083600,-/-
2020-07-01,12.170000,13.040000,12.050000,12.91,12.910000,2303400,-/-
2020-07-02,13.110000,13.200000,12.780000,12.84,12.840000,882400,1.02392
2020-07-06,12.850000,13.280000,12.600000,12.73,12.730000,1337700,-/-
2020-07-07,12.680000,12.990000,12.570000,12.63,12.630000,1108300,-/-
2020-07-08,12.750000,12.845000,12.409000,12.68,12.680000,1452500,-/-
2020-07-09,12.780000,12.940000,12.610000,12.84,12.840000,1298000,1.00864
2020-07-10,12.800000,12.800000,12.390000,12.43,12.430000,992600,0.98416
2020-07-13,12.500000,12.530000,11.630000,11.66,11.660000,1690100,0.93805
2020-07-14,11.530000,11.660000,11.055000,11.65,11.650000,1268300,-/-
2020-07-15,11.800000,12.110000,11.790000,12.04,12.040000,1190700,-/-
2020-07-16,11.880000,11.990000,11.565000,11.81,11.810000,1022100,1.01286
2020-07-17,11.790000,11.930000,11.625000,11.81,11.810000,864000,1.01373
2020-07-20,11.810000,12.270000,11.730000,12.15,12.150000,1106900,1.02879
2020-07-21,12.410000,12.410000,11.860000,11.92,11.920000,841000,-/-
2020-07-22,11.920000,12.100000,11.730000,11.88,11.880000,661300,-/-
2020-07-23,11.850000,12.050000,11.670000,11.87,11.870000,1164600,0.97695
2020-07-24,11.770000,11.829000,11.360000,11.52,11.520000,726900,0.96644
2020-07-27,11.560000,11.780000,11.480000,11.74,11.740000,497300,1.0191
2020-07-28,11.670000,11.708000,11.370000,11.38,11.380000,620600,-/-
2020-07-29,11.410000,11.593000,11.350000,11.56,11.560000,704800,-/-
2020-07-30,11.400000,11.465000,11.065000,11.37,11.370000,802300,0.96848
2020-07-31,11.530000,11.655000,11.150000,11.64,11.640000,907300,1.02285
2020-08-03,11.670000,11.969000,11.550000,11.82,11.820000,955600,1.01546
2020-08-04,11.710000,11.910000,11.510000,11.87,11.870000,694700,-/-
2020-08-05,11.960000,12.470000,11.940000,12.44,12.440000,1569300,-/-
2020-08-06,12.480000,12.590000,11.990000,12.14,12.140000,733400,1.02707
2020-08-07,12.050000,12.150000,11.380000,11.73,11.730000,939900,0.98821
2020-08-10,11.710000,11.788000,11.280000,11.55,11.550000,1027000,0.98465
2020-08-11,11.610000,11.700000,11.405000,11.43,11.430000,959200,-/-
2020-08-12,11.560000,11.815000,11.440000,11.66,11.660000,776200,-/-
2020-08-13,11.690000,12.120000,11.690000,11.84,11.840000,809900,1.02511
2020-08-14,11.830000,12.120000,11.760000,11.86,11.860000,712800,1.03762
2020-08-17,11.910000,11.970000,11.470000,11.63,11.630000,986200,0.98061
2020-08-18,11.750000,11.970000,11.710000,11.86,11.860000,660500,-/-
2020-08-19,11.900000,11.980000,11.600000,11.77,11.770000,761700,-/-
2020-08-20,11.700000,12.015000,11.600000,11.88,11.880000,929000,1.0215
2020-08-21,11.750000,11.940000,11.430000,11.59,11.590000,2222600,0.97723
2020-08-24,11.740000,11.740000,11.360000,11.52,11.520000,1129700,0.99396
2020-08-25,11.520000,11.770000,11.370000,11.76,11.760000,954800,-/-
2020-08-26,11.870000,13.190000,11.870000,13.09,13.090000,3345300,-/-
